url,collected_at
http://connects-trezr-en.pages.dev/,2026-09-01T12:17:00+03:00
http://learn-live-ledgr-apps.pages.dev/,2026-09-01T12:17:00+03:00
http://ledger-livddesktop.pages.dev/,2026-09-01T12:17:00+03:00
https://sp23ct-qenor-biz-lavik-munel.pages.dev/,2026-09-01T12:17:00+03:00
http://learn-ledgrliveapp.pages.dev/,2026-09-01T12:17:00+03:00
http://mail-elementec.de/henne,2026-09-01T12:17:00+03:00
http://ledgerrliive.pages.dev/,2026-09-01T12:17:00+03:00
https://deposinter-ca.blinkpowered.com/interac.html,2026-09-01T12:17:00+03:00
http://ledger-livedownload.pages.dev/,2026-09-01T12:17:00+03:00
https://s4w.in/roblox-com-users-346865734377-1profile,2026-09-01T12:17:00+03:00
https://www.roblox.com.am/users/346856734377/profile,2026-09-01T12:17:00+03:00
http://ledger-liivee-web.pages.dev/,2026-09-01T12:17:00+03:00
https://onixone.com.co/UPDATE,2026-09-01T12:17:00+03:00
http://ledgerr-get-live.pages.dev/,2026-09-01T12:17:00+03:00
http://ledger-live--desk.pages.dev/,2026-09-01T12:17:00+03:00
http://teraesa.weebly.com/,2026-09-01T12:17:00+03:00
http://ledger-live-home-app.pages.dev/,2026-09-01T12:17:00+03:00
http://ledgerrlive-dekstop-run.pages.dev/,2026-09-01T12:17:00+03:00
https://meta-appealshelppagecenter-for.vercel.app/meta-business-center,2026-09-01T12:17:00+03:00
http://ledgers-loggens.pages.dev/,2026-09-01T12:17:00+03:00
http://ledger-liiveapp.pages.dev/,2026-09-01T12:17:00+03:00
https://www.roblox.com.mu/communities/4958140191/Robux-Giveaway-Group,2026-09-01T12:17:00+03:00
https://qelarolt.org/,2026-09-01T12:17:00+03:00
https://ff-reward-site56.blogspot.com/,2026-09-01T12:17:00+03:00
https://learn-page-ledger-start.pages.dev/,2026-09-01T12:17:00+03:00
https://paysecureverify.com/?r=e14a6779-2438-4779-9bfa-1354230e6972,2026-09-01T12:17:00+03:00
http://ledgerr-live-en.pages.dev/,2026-09-01T12:17:00+03:00
https://finanzcuador--ecayuda.replit.app/index2.html,2026-09-01T12:17:00+03:00
https://primevideo-help.165-154-255-202.cpanel.site/desktop/?auth_max_open=0&ref=inemvhskpfe4294iAYDK5mHmzdfvxmyw82T0sf8J9zp30NO3pcWnKQ6UhLh20vAph18oaVAlBneiyaqBGEcSQ9IqkZYAgB9hRA6t,2026-09-01T12:17:00+03:00
https://fls-a2a286a0-2e24-4634-ad78-80b3d63f5d3d.laravel.cloud/myown.html,2026-09-01T12:17:00+03:00
https://education4learning.github.io/documentation-stationary/,2026-09-01T12:17:00+03:00
https://ledger-liwe.pages.dev/,2026-09-01T12:17:00+03:00
https://j7cw7grb3t-5d9d8f5a36.vercel.app/ads-manager-dashboard-1794226705741038.html,2026-09-01T12:17:00+03:00
https://net16ct-mor-biz-zaku-veni.pages.dev/rtyu-iopj-qewr-thjm?welcome=511136068745982&idnp=511136068745982&name_idnp=Lenihan%E2%80%99s%20Centra%20Monaleen,2026-09-01T12:17:00+03:00
https://bh-ddesembolso-2026--bhdenlinea2026.replit.app/,2026-09-01T12:17:00+03:00
https://ledger-livv.pages.dev/,2026-09-01T12:17:00+03:00
https://www.auth-whats-whatapp.com.cn/,2026-09-01T12:17:00+03:00
http://robiox.com.gr/communities/9656394202/Gr1Garage,2026-09-01T12:17:00+03:00
https://www.6lnov0.cn/,2026-09-01T12:17:00+03:00
http://personal-projects-new-project-6a95727500127b12d0de.appwrite.network/,2026-09-01T12:17:00+03:00
https://www.microsoftwordob.blogspot.com/,2026-09-01T12:17:00+03:00
https://ramyayergatla7.github.io/Spotify-Clone,2026-09-01T12:17:00+03:00
https://wp.pl-krajowyrejestdlugow.info/,2026-09-01T12:17:00+03:00
http://www.tinyurl.com/Numer-sprawy-531Xae412/,2026-09-01T12:17:00+03:00
https://finanzcuador--ecayuda.replit.app/,2026-09-01T12:17:00+03:00
https://binance-plus.pages.dev/,2026-09-01T12:17:00+03:00
http://official-ledgre-es.pages.dev/,2026-09-01T12:17:00+03:00
http://en-live--ledgred.pages.dev/,2026-09-01T12:17:00+03:00
https://rbcode.net/v/d304b776ca748e7c8bfad300e47658ba,2026-09-01T12:17:00+03:00
http://out-look-2026.com/,2026-09-01T12:17:00+03:00
https://yo0j-uiu4c3-9rh1os-m1m-9mep.pages.dev/,2026-09-01T12:17:00+03:00
https://m.trezor.love/,2026-09-01T12:17:00+03:00
https://www.roblox.com.ml/users/283101140895/profile,2026-09-01T12:17:00+03:00
https://api.trezor.love/,2026-09-01T12:17:00+03:00
https://asiaskytel.com/asiaskytel/submit/.99/go.php?c=pT9NiR,2026-09-01T12:17:00+03:00
https://validarmsnzone.dothome.co.kr/,2026-09-01T12:17:00+03:00
http://www.j168w.vip/,2026-09-01T12:17:00+03:00
https://vmi3544099.contaboserver.net/finalboss/finalboss/biblioteca/corr.php,2026-09-01T12:17:00+03:00
http://lnk.ink/Aicpv,2026-09-01T12:17:00+03:00
http://eager-lifecycle-829561.framer.app/,2026-09-01T12:17:00+03:00
http://microsoftworldofwarcraft.com/,2026-09-01T12:17:00+03:00
https://app.duniswap.org/swap,2026-09-01T12:17:00+03:00
https://www.roblox.com.ml/users/322015977116/profile,2026-09-01T12:17:00+03:00
https://spoitiy007.github.io/Spoitiy-Amazon1/,2026-09-01T12:17:00+03:00
https://ankit592006.github.io/WebTech_Amazon_c/,2026-09-01T12:17:00+03:00
https://fls-a2a25f74-ffe8-40b1-aa74-40b02d65f158.laravel.cloud/myown.html,2026-09-01T12:17:00+03:00
https://2qdoyeotwd-d394aff8de.vercel.app/ads-analytics-2429024270253981.html,2026-09-01T12:17:00+03:00
https://fls-a2a276ee-57ff-460c-8b39-f62c28d8c53c.laravel.cloud/ru.html,2026-09-01T12:17:00+03:00
https://rbcode.net/v/92116846ef89cec9b49f8c6408936f28,2026-09-01T12:17:00+03:00
https://stubcode.edgeone.dev/,2026-09-01T12:17:00+03:00
https://stardustottawa.com/ok/aldom.html,2026-09-01T12:17:00+03:00
https://swanhui.com/USPS,2026-09-01T12:17:00+03:00
https://abdelrahmanessmat10.github.io/Amazon-Clone/checkout.html,2026-09-01T12:17:00+03:00
https://abdelrahmanessmat10.github.io/Amazon-Clone/orders.html,2026-09-01T12:17:00+03:00
http://dreamy-crumble-17846c.netlify.app/,2026-09-01T12:17:00+03:00
https://store.communitystudionwork.shop/item/AWP-AncientHeritage/,2026-09-01T12:17:00+03:00
https://company-limitnubankcreditgovernance.s3.us-east-005.backblazeb2.com/aumento.html,2026-09-01T12:17:00+03:00
http://www.paypal-login-support.com/,2026-09-01T12:17:00+03:00
https://id258114.vercel.app/required,2026-09-01T12:17:00+03:00
https://checksmit-pagevery6221.vercel.app/index1.html,2026-09-01T12:17:00+03:00
https://to.lk/SEuUoC,2026-09-01T12:17:00+03:00
https://www.info-resmi-36.blogspot.com/?m=1,2026-09-01T12:17:00+03:00
http://www.facebook-community.blogspot.com/,2026-09-01T12:17:00+03:00
https://fdghf.pdspgtest-flaviaa.com/prposal/,2026-09-01T12:17:00+03:00
https://kincomlogistics.site/s46/panel.php?page=r,2026-09-01T12:17:00+03:00
http://www.faicboook.vercel.app/,2026-09-01T12:17:00+03:00
https://1url.at/www/robloxcom-users-275313882473-profile,2026-09-01T12:17:00+03:00
https://subscriptions.updatemybilling.app/YUBpCClmwZER/?redirection=login,2026-09-01T12:17:00+03:00
https://subscriptions.updatemybilling.app/,2026-09-01T12:17:00+03:00
https://admin.bybit.im9996.cc/,2026-09-01T12:17:00+03:00
https://ihrswisspassskanderkonto.ilitedevelopment.com/,2026-09-01T12:17:00+03:00
https://roblox.com.bz/users/4601183535/profile,2026-09-01T12:17:00+03:00
https://www.ledger-live.cloud/ledger,2026-09-01T12:17:00+03:00
https://fls-a29a8cd9-0161-4493-bf5c-9f682b16d0c8.laravel.cloud/hotmail%20inbox%20main.html,2026-09-01T12:17:00+03:00
https://vuthanhmai07091988-cpu.github.io/-e/,2026-09-01T12:17:00+03:00
https://gdsufiyanone-glitch.github.io/amazon-webpage-clone/,2026-09-01T12:17:00+03:00
https://qrcodeveloper.com/code/CHrJRZNvqKGouaer,2026-09-01T12:17:00+03:00
https://solitary-resonance-1d1b.nd-d67.workers.dev/,2026-09-01T12:17:00+03:00
http://microsoftwordob.blogspot.com/,2026-09-01T12:17:00+03:00
http://instagram-app.cn/,2026-09-01T12:17:00+03:00
https://revelmora.com/SSA/,2026-09-01T12:17:00+03:00
https://1qr.no/ihu49p7,2026-09-01T12:17:00+03:00
http://live-us-ledgr-6g9.pages.dev/,2026-09-01T12:17:00+03:00
https://g5.lu/9z6xx,2026-09-01T12:17:00+03:00
https://crear-mi-solicitud-card-production.up.railway.app/,2026-09-01T12:17:00+03:00
https://sp23ct-zemik-biz-punel-ravok.pages.dev/,2026-09-01T12:17:00+03:00
http://c4zfu-q6xc-3wke-1pfm-uqypd.pages.dev/,2026-09-01T12:17:00+03:00
http://velmora-kxt-zanveta-p8t2hc47.pages.dev/,2026-09-01T12:17:00+03:00
http://accordaquaengineers.com/wwe/web/authen.php,2026-09-01T12:17:00+03:00
http://security-server-page--wfdraco51.replit.app/,2026-09-01T12:17:00+03:00
http://nmhdrsaaace.click/,2026-09-01T12:17:00+03:00
https://accounts-b46aee59.marketinglacocoa3.workers.dev/b46aee5961eb4c6a?sid=E77MUMmy1JsjwLsHgeXOBbOhmAHIdT91,2026-09-01T12:17:00+03:00
http://sp29ct-zorak-biz-felti-munro.pages.dev/,2026-09-01T12:17:00+03:00
http://hse-ireland.com/,2026-09-01T12:17:00+03:00
https://mail.pmeimg8.com/education_redirect_second?8c5781c2-7b1e-4035-b1d7-990e269e5380,2026-09-01T12:17:00+03:00
https://mail.pmeimg8.com/education_redirect_second/8c5781c2-7b1e-4035-b1d7-990e269e5380,2026-09-01T12:17:00+03:00
https://fdvcxdfgsd.sbs/,2026-09-01T12:17:00+03:00
https://home.ioo-gate.cn/,2026-09-01T12:17:00+03:00
https://www.r.oblox.com.et/users/5467244032/profile%5C,2026-09-01T12:17:00+03:00
http://www.blackprimehouse.com.br/works39330/adoreader.html,2026-09-01T12:17:00+03:00
https://inoside.com/firstlevel/easy/Lrxsouay/LcvgvjcTkFTN/ey/ec.php,2026-09-01T12:17:00+03:00
https://inoside.com/firstlevel/easy/Lrxsouay/LcvgvjcTkFTN/ey/index.php,2026-09-01T12:17:00+03:00
https://1daa2ae8-7fb0-47f1-a339-2cb18def0a21.atarimworker.io/lifestyle/articles/just-outside-yosemite-californias-secret-221500696.html,2026-09-01T12:17:00+03:00
https://465800.xyz/,2026-09-01T12:17:00+03:00
http://loginservice.cloud/E.9KekET_0yjJMWiAMOw?/link?url=d42cf86bz535433d4918f6725dca3821r_348756293,2026-09-01T12:17:00+03:00
http://ameli-outremer.com/,2026-09-01T12:17:00+03:00
http://790547.xyz/,2026-09-01T12:17:00+03:00
https://www.new-click-app-99.surge.sh/,2026-09-01T12:17:00+03:00
https://www.shopee-jkt012.blogspot.com/,2026-09-01T12:17:00+03:00
http://www.sendusdt-beta.vercel.app/,2026-09-01T12:17:00+03:00
http://www.netflix-clone-five-sigma-74.vercel.app/,2026-09-01T12:17:00+03:00
http://www.netflix-homepage-pi.vercel.app/,2026-09-01T12:17:00+03:00
http://www.meta-masks.vercel.app/,2026-09-01T12:17:00+03:00
http://www.connect-center.com/,2026-09-01T12:17:00+03:00
http://www.anixas-receive-payouts.blogspot.com/,2026-09-01T12:17:00+03:00
http://www.bsccoin-transfer.vercel.app/,2026-09-01T12:17:00+03:00
http://www.facebook-login-clone.vercel.app/,2026-09-01T12:17:00+03:00
https://zgb8a-qsy4li-vfblem-r4ga.pages.dev/,2026-09-01T12:17:00+03:00
http://www.coderlogs.vercel.app/,2026-09-01T12:17:00+03:00
http://sp28ct5-narun-biz-kemri-zolko.pages.dev/,2026-09-01T12:17:00+03:00
https://credi-pichinchagmailcom--ecuador23433.replit.app/index4.html/,2026-09-01T12:17:00+03:00
https://www.roblox.com.ml/users/373489926313/profile,2026-09-01T12:17:00+03:00
https://s4w.in/roblox-com-users-373489926313-profile,2026-09-01T12:17:00+03:00
https://www.roblox.ly/communities/3589766376/FREE-ROBUX-AND-GODLY,2026-09-01T12:17:00+03:00
https://teal-capybara-15a342.netlify.app/,2026-09-01T12:17:00+03:00
https://steamcomunity.ru/,2026-09-01T12:17:00+03:00
https://login-microsoftonline.cz/,2026-09-01T12:17:00+03:00
https://135461223.site/sv/1780/45468a99-2889-433a-a486-763e3a3049e7/754980/x,2026-09-01T12:17:00+03:00
https://135461223.site/1780/45468a99-2889-433a-a486-763e3a3049e7/754980,2026-09-01T12:17:00+03:00
https://paruchuruvyshnavi.github.io/movie-stream-ui/,2026-09-01T12:17:00+03:00
https://crakkzsyoo-debug.github.io/Cs2cheat/,2026-09-01T12:17:00+03:00
https://www.roblox.com.bn/games/134922313437159/Titles-Another-Infection-Game?privateServerLinkCode=18804329013778744597933369613716,2026-09-01T12:17:00+03:00
https://lktvr95kfly-ghfcypdr-1x2p9c-pz766c.pages.dev/welcome_aboard?welcome=1000068689256840,2026-09-01T12:17:00+03:00
https://caaa-gov.top/no,2026-09-01T12:17:00+03:00
http://webapp.speak-whatapp.com.cn/,2026-09-01T12:17:00+03:00
https://renovesuaschances.s3.us-east-005.backblazeb2.com/aumento.html,2026-09-01T12:17:00+03:00
https://dianaa010.github.io/netflix-clone,2026-09-01T12:17:00+03:00
https://karnwalprachi-hue.github.io/Amazon-clone,2026-09-01T12:17:00+03:00
https://building-construction2026.github.io/building-technology-equipment,2026-09-01T12:17:00+03:00
https://vuthanhmai07091988-cpu.github.io/a,2026-09-01T12:17:00+03:00
https://kaminstudio-debus.de/r/ofswfi/Aofswfi/,2026-09-01T12:17:00+03:00
https://slowdesign.gmbh/id/my/,2026-09-01T12:17:00+03:00
https://signinattcomdynamicilriaplogin916gcyhfxd.mailserverupdatealpha.workers.dev/home.php?usrid=RX20hgawNdycpbQyrhbvmawKL2zzrfde4j5TbfslmfIyp1efwc5dB8rkWn0i9T1L2XaFknfdfSfBRA0vw4CeNHZc7auBcRJ4bQ7bK218tmgslgmTN04ov4jGbWJlbGRvd3NraUBhdHQubmV0gpSYRIQbsbnltyJstfAWHiouY7UHyKxSThX46J7zcwo3zqfLJJ,2026-09-01T12:17:00+03:00
https://signinattcomdynamicilriaploginl679psf462.currentlymailupdate.workers.dev/home.php?usrid=Qpj0WqAoIruCSfE3V0NCsqYX8w0fWRAHhKkXPDJyv4oGX7Uf2IMRL7LsKjbujDmtGcr70cnzS6EjuyTH0TZKIJcD9JwfkUA80ifVUPzVAzJhZcq8IXsIMlSVbmFsbGluZ3RAcGFjYmVsbC5uZXQ=u48joylOjyU8MKBqHPU7JFcy84ie7DOanni8YT1X47zwQ9UUh5,2026-09-01T12:17:00+03:00
https://signinattcomdynamicilriaploginu0tecp0q3w.mailserverupdatealpha.workers.dev/home.php?usrid=Ab4romhIAYjJWeG0UDtNotM2cQ0YUsipwJd5idrOGxQu5yV6zuX9a6Gx8ypYkj5YiF3RhcYHrPIwUPiVMMM9vHGWgw3OrGYoDwaVv0UrVSdGGM9ImJCns7ELampheXdvb2RAc2JjZ2xvYmFsLm5ldA==oL1GX8p2WfJLoowe3Do0JHmZyz5CW16wPre6rt3aeLZ6J4G0B1,2026-09-01T12:17:00+03:00
https://signinattcomdynamicilriaploginbl3a0xbup3.mailserverupdatealpha.workers.dev/home.php?usrid=Kbkx9uG3sjVXG38qXVqVWhn9HPzeIcFxxbK468qMKtybeKmUg1o1gAAAUu8eqWB15UAzkYKsmiM0LTun8ZcY4sgK0ZNV2ySyNkxegNmuaVOQp5ntxKADbEMpamFtaWUuY2h1cGFAc2JjZ2xvYmFsLm5ldA==2gp5pffmfvqeXK1LBY7OWrZaCB9n89aYMQ4zYzkYwAGTiMHsXl,2026-09-01T12:17:00+03:00
https://signinattcomdynamicilriaplogin3qmew9k3ju.mailserverupdatealpha.workers.dev/home.php?usrid=vdKFXwV6Pm7lv9HiJMS5JN4tgk4DPaqOyyBSfLWLcGtGjsepHgbJxLrVTOYJHiWvfLJrnUnkrmdxbhsSic8HXBbevXgQIwCCMvGRY9pUJZAu04pRdZMEImvXZV9iZXRocEBiZWxsc291dGgubmV0VOk4jN7oc0QvULq8RSW2kRyVO1GDExgQdHXxHkCHB9MNsnuUgZ,2026-09-01T12:17:00+03:00
https://signinattcomdynamicilriaplogin3qmew9k3ju.mailserverupdatealpha.workers.dev/home.php?usrid=IkNPOGC4hsOfJRWf2EmKmLWuH2j4nezm8Z9llYeTtdlFvD5mfDiXbfe8z1FmjTCoUG0luR12nz2Z3LM8qO3b4gBy1pwYUszex05o8qzyNvVUKqIVOKxyTda5c2xhY2tjQGF0dC5uZXQ=U2qPqWngMfXEMDVmCFpcKHm2sFTe3wDt3TuZiQKuGbVj7RbqJG,2026-09-01T12:17:00+03:00
https://security-server-page--tubiezphill1.replit.app/,2026-09-01T12:17:00+03:00
https://dhl-ke.click/post/home.html,2026-09-01T12:17:00+03:00
https://dhl-ke.click/post,2026-09-01T12:17:00+03:00
http://www.mintest-phi.vercel.app/,2026-09-01T12:17:00+03:00
https://urlto.me/2Bvde,2026-09-01T12:17:00+03:00
http://new-click-app-99.surge.sh/,2026-09-01T12:17:00+03:00
https://bsccoin-transfer.vercel.app/,2026-09-01T12:17:00+03:00
http://www.cancelacionoutlook-two.vercel.app/,2026-09-01T12:17:00+03:00
https://obonteeeezip--opticaperichi.replit.app/,2026-09-01T12:17:00+03:00
https://www.roblox.com.ml/games/2753915549/Blox-Fruits?privateServerLinkCode=784765621683368666624124684676,2026-09-01T12:17:00+03:00
https://tiiktock.sbs/?naps,2026-09-01T12:17:00+03:00
https://rbcode.net/v/a7a359f76ac375d1a65a7217ae2e40ae,2026-09-01T12:17:00+03:00
http://sso-uphold-com-cdn-a-autth.framer.website/,2026-09-01T12:17:00+03:00
https://accountoservoi1787402526936.2141811.meusitehostgator.com.br/bil/postfo,2026-09-01T12:17:00+03:00
https://port-whats-whatapp.com.cn/,2026-09-01T12:17:00+03:00
https://loggiakilwinning.com/fxm/,2026-09-01T12:17:00+03:00
https://a.073202.com/education_redirect_second?8c5781c2-7b1e-4035-b1d7-990e269e5380,2026-09-01T12:17:00+03:00
https://a.073202.com/education_redirect_second/8c5781c2-7b1e-4035-b1d7-990e269e5380,2026-09-01T12:17:00+03:00
https://xwtitucidh-828def1d95.vercel.app/ads-reporting-service-4839943254039955.html,2026-09-01T12:17:00+03:00
https://hub-whats-whatapp.com.cn/,2026-09-01T12:17:00+03:00
http://web3-easy-connect.com/,2026-09-01T12:17:00+03:00
https://sistemaxultimo30-06.pages.dev/,2026-09-01T12:17:00+03:00
https://tag-whats-whatapp.com.cn/,2026-09-01T12:17:00+03:00
https://sync-whats-whatapp.com.cn/,2026-09-01T12:17:00+03:00
https://paypaynejp781.replit.app/login.php,2026-09-01T12:17:00+03:00
https://fls-a29aa678-74b3-4903-bbe4-147f84ccd8a2.laravel.cloud/lot.html,2026-09-01T12:17:00+03:00
https://13vwj9ylqd-8054d15b1a.vercel.app/facebook-ads-sync-8323306879692340.html,2026-09-01T12:17:00+03:00
https://bocharen.xyz/dan/all1.html?eta=lanen@d75ca9e031820fb22dc6b3898d8cc98c44d5.net,2026-09-01T12:17:00+03:00
https://nightcompile01-hub.github.io/amazon-clone/,2026-09-01T12:17:00+03:00
https://meta-masks.vercel.app/,2026-09-01T12:17:00+03:00
https://avinaashsharma.github.io/Amazon-e-commerce-clone/,2026-09-01T12:17:00+03:00
https://henvdo7xze-cb6c75f178.vercel.app/facebook-page-manager-5764107566550599.html,2026-09-01T12:17:00+03:00
https://1url.at/www/robloxcom-users-274386282473-profile,2026-09-01T12:17:00+03:00
https://q.me-qr.com/7px2f3h7,2026-09-01T12:17:00+03:00
https://www.brad-facebook.blogspot.com/,2026-09-01T12:17:00+03:00
https://www.facebook-login-login.blogspot.com/,2026-09-01T12:17:00+03:00
https://www.facebook-www.blogspot.com/,2026-09-01T12:17:00+03:00
https://www.click-facebook.blogspot.com/,2026-09-01T12:17:00+03:00
https://www.accountgetfacebook.blogspot.com/,2026-09-01T12:17:00+03:00
https://bo1xkg.sbs/o/2kja6/7315885054394624#selectedbank9,2026-09-01T12:17:00+03:00
https://nowe-29-08-26.click/o/2kja6/7315885054394624#selectedbank9,2026-09-01T12:17:00+03:00
https://cu2ajo.casa/o/2kja6/7315885054394624#selectedbank9,2026-09-01T12:17:00+03:00
https://b8jx2n.cfd/o/2kja6/7315885054394624#selectedbank9,2026-09-01T12:17:00+03:00
http://sp23ct-punav-biz-rimel-qezor.pages.dev/,2026-09-01T12:17:00+03:00
https://queensatlanta.org/bbbhhh/chammmeee/Latest2027.html?eta=galiolab@c51bb0584547a14628c3c5454588c4d450c9.org,2026-09-01T12:17:00+03:00
https://siclustrade.com/,2026-09-01T12:17:00+03:00
https://www.roblox.com.mu/games/121508056028578/Fame?privateServerLinkCode=39838176748643508465383046982462,2026-09-01T12:17:00+03:00
http://www.roblox.com.am/users/354704663845/profile/,2026-09-01T12:17:00+03:00
https://logs.netaccess-management.net/education_redirect_second?8c5781c2-7b1e-4035-b1d7-990e269e5380,2026-09-01T12:17:00+03:00
https://logs.netaccess-management.net/education_redirect_second/8c5781c2-7b1e-4035-b1d7-990e269e5380,2026-09-01T12:17:00+03:00
https://www.roblox.et/users/3277789402/profile,2026-09-01T12:17:00+03:00
https://u.to/SzysIg,2026-09-01T12:17:00+03:00
http://roblox.com.mu/communities/9132595684/unset,2026-09-01T12:17:00+03:00
http://secure.bitpie-blockchain.com/,2026-09-01T12:17:00+03:00
https://azfit.com.br/zvm/index.html?email=loror2@b34c7cc7ed31f205749511c1060b6180a633.org,2026-09-01T12:17:00+03:00
https://spotifindnewmusicandplaylistsdiscover.netlify.app/,2026-09-01T12:17:00+03:00
https://gemaba-mbh.de/tmp/uploads/spoty.phtml,2026-09-01T12:17:00+03:00
https://accountoservoi1787402526936.2141811.meusitehostgator.com.br/bil/postfo/login.php?lang=de,2026-09-01T12:17:00+03:00
https://www.robiox.com.py/games/9377953133/Mobile-Sword-Fight?privateServerLinkCode=855872659428564322879376798431,2026-09-01T12:17:00+03:00
https://dev-quizsantander.aumentable.com/,2026-09-01T12:17:00+03:00
https://www.roblox.com.mu/users/4095159246/profile,2026-09-01T12:17:00+03:00
http://www.lamistralienne.fr/wp-content/uploads/2026/04/video-raccourcie-24-avril.htm,2026-09-01T12:17:00+03:00
http://p01--ar24securitydoc--ztbdptjpg9dv.code.run/,2026-09-01T12:17:00+03:00
http://grupomarkat.com/app/index.php,2026-09-01T12:17:00+03:00
https://discord.phi.zone/,2026-09-01T12:17:00+03:00
https://o.co-okx.com.cn/,2026-09-01T12:17:00+03:00
https://eu2.contabostorage.com/542b9d3e403341f999bf965f8c2ac164:nicnew/Chinapdf.html,2026-09-01T12:17:00+03:00
https://spakildo.simonespace-bureau.fr/sobelinadeli/,2026-09-01T12:17:00+03:00
https://pekxv9ja.6lnov0.cn/,2026-09-01T12:17:00+03:00
https://wp.pl-zadluzenie-informacja.cfd/,2026-09-01T12:17:00+03:00
https://liciiousbeauty.fr/cmz/f6ba0594-0290ddd-12096a-ad270d4-167b4d-4f3e39.html?RjhjJtaUkhx6oyOYGzNZn6FL0khd6umZIZYOOEdlMzE8RFYEFi0f1sUVz0kzEy7xHvRPbIyfVeEddfQl63romw7AUuKLfn29tF6b3bt04wsd7t1rTWSfIyoZmWtTdAnoCJwJ3,2026-09-01T12:17:00+03:00
https://https-wvvw-roblox.com/users/58154235/profile,2026-09-01T12:17:00+03:00
https://purple-sand-01e65dd03.7.azurestaticapps.net/?e=alis1@4c7bfa4254d98502f6d3b09f8d7a452a89a2.com,2026-09-01T12:17:00+03:00
https://rohankamble123.github.io/amazon-static-clone/,2026-09-01T12:17:00+03:00
https://shrinivasbiradar93-crypto.github.io/Netfilix03/,2026-09-01T12:17:00+03:00
https://juniorabrantesb.github.io/projeto-clone-home-instagram/,2026-09-01T12:17:00+03:00
https://rapid-river-44b6.auhhaecacwyrtiq.workers.dev/meta.help,2026-09-01T12:17:00+03:00
https://intimate-jade-wtxqok38.edgeone.dev/,2026-09-01T12:17:00+03:00
http://expense-tracker-4d7.pages.dev/,2026-09-01T12:17:00+03:00
http://www.wallet-connect-gate.com/,2026-09-01T12:17:00+03:00
https://www.sk-facebook.blogspot.com/,2026-09-01T12:17:00+03:00
https://www.instagramcom-instagramcom.blogspot.com/,2026-09-01T12:17:00+03:00
https://www.r.oblox.com.et/communities/5966936613/login,2026-09-01T12:17:00+03:00
https://clear-https-nzuwiltomf3gk4romnxw2.proxy.exploreos.com/user2/api/route?m=routePcMyInfo,2026-09-01T12:17:00+03:00
http://clear-https-nzuwiltomf3gk4romnxw2.proxy.exploreos.com/,2026-09-01T12:17:00+03:00
https://clear-https-nzuwiltomf3gk4romnxw2.proxy.exploreos.com/user2/api/route.nhn?m=routeMyInfo,2026-09-01T12:17:00+03:00
https://lanobleza.com.ar/admin/5050,2026-09-01T12:17:00+03:00
https://flatsome.hsdtit.com/id-review-page/login,2026-09-01T12:17:00+03:00
https://www-mfacebook.com.vn/nlinhboutique3a5a8e?a&l,2026-09-01T12:17:00+03:00
http://transcript.bitboxswisspolicyreview.com/,2026-09-01T12:17:00+03:00
https://rbcode.net/v/121a009df19e51f8f2b19b09fb4e0e1e,2026-09-01T12:17:00+03:00
https://sp29ct-zorak-biz-felti-munro.pages.dev/appeals/submit-appeal-form/return/,2026-09-01T12:17:00+03:00
https://premengineeringworks.in/ssqu/xerox.html,2026-09-01T12:17:00+03:00
https://webmail.sendpicz.com/education_redirect_second?8c5781c2-7b1e-4035-b1d7-990e269e5380,2026-09-01T12:17:00+03:00
https://webmail.sendpicz.com/education_redirect_second/8c5781c2-7b1e-4035-b1d7-990e269e5380/,2026-09-01T12:17:00+03:00
https://microsoftvoicemail-b2f5h6gpeshvfuhk.z02.azurefd.net/,2026-09-01T12:17:00+03:00
https://flirt-contacts.com/views/fb.php?lang=us&set=s2&domain=track.globaltracklabs.com&cep=TXrR0Fwoh-40RgZHMH8FEY5dqaICu2c47bG9mZhbgYdvw0LrP4tSOtFj7n0UJh9wLFHtK2HAt5hc6z8dya9mjn_HRoMOOYwfEf8Ut-nNhzGepjATSLlpBBNn9proUkRug9N-4ZCF1gEKjGhUi2wM7E34UAoNQx-zsqRfPzeb40_0WrBC6ew0C0vcn-EjFM34RGe6fFsWqaBqaftbUnxlHCezpg4-VWX_aOTs01OCAtQqPyOJac-hXlBzaFmucsvU2l7YtTclDWul9K0x1mKF-ToKdAHYEo3fTJfmeyqDNooEe9yL2kGrpvzQf0wtrih30Un2ZNlnibQTDGjKe0lXIcZXv9Ns1UcVzWY0Tp1yHK9YLI9ajrM4vrMlB7Cw1OXL&lptoken=17a1818506d5432a04dc/,2026-09-01T12:17:00+03:00
https://web.co-okx.com.cn/,2026-09-01T12:17:00+03:00
https://www.shopee-tbk887.blogspot.com/,2026-09-01T12:17:00+03:00
https://www.djflslfjflslfikrorie.blogspot.com/,2026-09-01T12:17:00+03:00
https://www.nw-facebook.blogspot.com/,2026-09-01T12:17:00+03:00
http://505qd8-z027cl-oghn6-9b4oj.pages.dev/,2026-09-01T12:17:00+03:00
https://robiox.com.py/users/128323969132/profile,2026-09-01T12:17:00+03:00
https://p.91syun.com/extdomains/id-id.facebook.com/login/?next=https%3A%2F%2Fid-id.facebook.com%2F,2026-09-01T12:17:00+03:00
https://p.91syun.com/extdomains/id-id.facebook.com/,2026-09-01T12:17:00+03:00
https://facebook-login-page-nine.vercel.app/,2026-09-01T12:17:00+03:00
https://www.facebook-login-page-nine.vercel.app/,2026-09-01T12:17:00+03:00
https://ledger-live-ent-wallet.pages.dev/,2026-09-01T12:17:00+03:00
https://589446.xyz/,2026-09-01T12:17:00+03:00
https://facebook-groups-new.blogspot.com/,2026-09-01T12:17:00+03:00
https://www.facebook-groups-new.blogspot.com/,2026-09-01T12:17:00+03:00
https://897361.xyz/,2026-09-01T12:17:00+03:00
https://thehelpinghanddebt.co.za/aaq/sure.html?eta=taniopro@b25386f73f507c7c126978ccf318604584a9.net,2026-09-01T12:17:00+03:00
https://www.roblox.com.et/communities/766454483857/StrikeRed-Community,2026-09-01T12:17:00+03:00
https://superadminapi.ristestate.com/connection/ProcessValidation/view-pr-do/plugin-read-mail/b20xNzQybTYyNw**/attach-viewer-main/a2xhdXMuYmF1bWdhcnRuZXJAcG9yc2NoZS5jby5hdA**,2026-09-01T12:17:00+03:00
https://telvora-krm-zentavi-r2t3hp94.pages.dev/,2026-09-01T12:17:00+03:00
https://shrinivasbiradar93-crypto.github.io/Netfilix02/,2026-09-01T12:17:00+03:00
https://manchesterzip--fabi-sel11.replit.app/?naps,2026-09-01T12:17:00+03:00
https://www.roblox.com.ml/users/251793406034/profile,2026-09-01T12:17:00+03:00
https://www.roblox.com.ml/users/377402544086/profile,2026-09-01T12:17:00+03:00
http://trust-wallaet--uss.pages.dev/,2026-09-01T12:17:00+03:00
http://instagramcom-instagramcom.blogspot.com/,2026-09-01T12:17:00+03:00
http://www.instagram-e.com.cn/,2026-09-01T12:17:00+03:00
http://martcv.com/,2026-09-01T12:17:00+03:00
http://www.facebook-seven-alpha.vercel.app/,2026-09-01T12:17:00+03:00
https://home.pc-gate.cn/,2026-09-01T12:17:00+03:00
https://clear-https-nzuwiltomf3gk4romnxw2.proxy.exploreos.com/nidlogin.login,2026-09-01T12:17:00+03:00
http://itb088.com/natsu/index.html,2026-09-01T12:17:00+03:00
https://abdelrahmanessmat10.github.io/Amazon-Clone,2026-09-01T12:17:00+03:00
http://pusat-shopee577.blogspot.com/,2026-09-01T12:17:00+03:00
http://shopee-tbk887.blogspot.com/,2026-09-01T12:17:00+03:00
https://zxcursed0mifony-hash.github.io/Vkontakte,2026-09-01T12:17:00+03:00
